generation,startTime,endTime,org.kevoree.modeling.optimization.executionmodel.Hypervolume_pareto,
0,1383047196626,1383047196626,0.0,
1,1383047196626,1383047196626,1333.333333333333,
2,1383047196626,1383047196626,1333.333333333333,
3,1383047196626,1383047196626,1333.333333333333,
4,1383047196626,1383047196626,1333.333333333333,
5,1383047196626,1383047196626,1333.333333333333,
6,1383047196626,1383047196626,1333.333333333333,
7,1383047196626,1383047196626,1333.333333333333,
8,1383047196626,1383047196626,1333.333333333333,
9,1383047196626,1383047196626,1333.333333333333,
10,1383047196626,1383047196626,1999.9999999999995,
11,1383047196626,1383047196626,1999.9999999999995,
12,1383047196626,1383047196626,1999.9999999999995,
13,1383047196626,1383047196626,666.6666666666665,
14,1383047196626,1383047196626,666.6666666666665,
15,1383047196626,1383047196626,666.6666666666665,
16,1383047196626,1383047196626,666.6666666666665,
17,1383047196626,1383047196626,666.6666666666665,
18,1383047196626,1383047196626,666.6666666666665,
19,1383047196626,1383047196626,666.6666666666665,
20,1383047196626,1383047196626,666.6666666666665,
21,1383047196626,1383047196626,666.6666666666665,
22,1383047196626,1383047196626,666.6666666666665,
23,1383047196626,1383047196626,666.6666666666665,
24,1383047196626,1383047196626,666.6666666666665,
25,1383047196626,1383047196626,666.6666666666665,
26,1383047196626,1383047196626,666.6666666666665,
27,1383047196626,1383047196626,666.6666666666665,
28,1383047196626,1383047196626,666.6666666666665,
29,1383047196626,1383047196626,666.6666666666665,
30,1383047196626,1383047196626,666.6666666666665,
31,1383047196626,1383047196626,666.6666666666665,
32,1383047196626,1383047196626,666.6666666666665,
33,1383047196626,1383047196626,-1999.9999999999995,
34,1383047196626,1383047196626,-1999.9999999999995,
35,1383047196626,1383047196626,-1999.9999999999995,
36,1383047196626,1383047196626,-1999.9999999999995,
37,1383047196626,1383047196626,-1999.9999999999995,
38,1383047196626,1383047196626,-1999.9999999999995,
39,1383047196626,1383047196626,-1999.9999999999995,
40,1383047196626,1383047196626,-1999.9999999999995,
41,1383047196626,1383047196626,-1999.9999999999995,
42,1383047196626,1383047196626,-1999.9999999999995,
43,1383047196626,1383047196626,-1999.9999999999995,
44,1383047196626,1383047196626,-1999.9999999999995,
45,1383047196626,1383047196626,-1999.9999999999995,
46,1383047196626,1383047196626,-1999.9999999999995,
47,1383047196626,1383047196626,-1999.9999999999995,
48,1383047196626,1383047196626,-1999.9999999999995,
49,1383047196626,1383047196626,-1999.9999999999995,
50,1383047196626,1383047196626,-1999.9999999999995,
51,1383047196626,1383047196626,-1999.9999999999995,
52,1383047196626,1383047196626,-1999.9999999999995,
53,1383047196626,1383047196626,-1999.9999999999995,
54,1383047196626,1383047196626,-1999.9999999999995,
55,1383047196626,1383047196626,-1999.9999999999995,
56,1383047196626,1383047196626,-1999.9999999999995,
57,1383047196626,1383047196626,-1999.9999999999995,
58,1383047196626,1383047196626,-1999.9999999999995,
59,1383047196626,1383047196626,-1999.9999999999995,
60,1383047196626,1383047196626,-1999.9999999999995,
61,1383047196626,1383047196626,-1999.9999999999995,
62,1383047196626,1383047196626,-1999.9999999999995,
63,1383047196626,1383047196626,-1999.9999999999995,
64,1383047196626,1383047196626,-1999.9999999999995,
65,1383047196626,1383047196626,-1999.9999999999995,
66,1383047196626,1383047196626,-1999.9999999999995,
67,1383047196626,1383047196626,-1999.9999999999995,
68,1383047196626,1383047196626,-1999.9999999999995,
69,1383047196626,1383047196626,-1999.9999999999995,
70,1383047196626,1383047196626,-1999.9999999999995,
71,1383047196626,1383047196626,-1999.9999999999995,
72,1383047196626,1383047196626,-1999.9999999999995,
73,1383047196626,1383047196626,-1999.9999999999995,
74,1383047196626,1383047196626,-1999.9999999999995,
75,1383047196626,1383047196626,-1999.9999999999995,
76,1383047196626,1383047196626,-1999.9999999999995,
77,1383047196626,1383047196626,-1999.9999999999995,
78,1383047196626,1383047196626,-1999.9999999999995,
79,1383047196626,1383047196626,-1999.9999999999995,
80,1383047196626,1383047196626,-1999.9999999999995,
81,1383047196626,1383047196626,-1999.9999999999995,
82,1383047196626,1383047196626,-1999.9999999999995,
83,1383047196626,1383047196626,-1999.9999999999995,
84,1383047196626,1383047196626,-1999.9999999999995,
85,1383047196626,1383047196626,-1999.9999999999995,
86,1383047196626,1383047196626,-1999.9999999999995,
87,1383047196626,1383047196626,-1999.9999999999995,
88,1383047196626,1383047196626,-1999.9999999999995,
89,1383047196626,1383047196626,-1999.9999999999995,
90,1383047196626,1383047196626,-1999.9999999999995,
91,1383047196626,1383047196626,-1999.9999999999995,
92,1383047196626,1383047196626,-1999.9999999999995,
93,1383047196626,1383047196626,-1999.9999999999995,
94,1383047196626,1383047196626,-1999.9999999999995,
95,1383047196626,1383047196626,-1999.9999999999995,
96,1383047196626,1383047196626,-1999.9999999999995,
97,1383047196626,1383047196626,-1999.9999999999995,
98,1383047196626,1383047196626,-1999.9999999999995,
99,1383047196626,1383047196626,-1999.9999999999995,
