generation,startTime,endTime,org.kevoree.modeling.optimization.executionmodel.Max_null_null,org.kevoree.modeling.optimization.executionmodel.Min_null_null,org.kevoree.modeling.optimization.executionmodel.ParetoMean_pareto,
0,0,71,0.0,1.0E7,0.075,
1,83,144,0.0,1.0E7,0.07491582491582492,
2,145,163,0.0,1.0E7,0.0749553866951321,
3,164,181,0.0,1.0E7,0.07502123621725917,
4,183,197,0.0,1.0E7,0.07504343628747843,
5,199,215,0.0,1.0E7,0.0750409330341503,
6,216,233,0.0,1.0E7,0.07506472896028774,
7,234,249,0.0,1.0E7,0.07496074768483214,
8,250,259,0.0,1.0E7,0.07505504282863223,
9,259,270,0.0,1.0E7,0.07505649442724725,
10,271,281,0.0,1.0E7,0.07530162262830399,
11,282,290,0.0,1.0E7,0.0752783709033716,
12,291,299,0.0,1.0E7,0.07513066535249963,
13,300,310,0.0,1.0E7,0.07522446044629472,
14,312,325,0.0,1.0E7,0.07529898932358572,
15,326,345,0.0,1.0E7,0.07531730537648876,
16,346,359,0.0,1.0E7,0.07525114533369319,
17,360,374,0.0,1.0E7,0.07527639785894573,
18,374,388,0.0,1.0E7,0.07538582546837333,
19,389,403,0.0,1.0E7,0.07529432331114752,
20,404,415,0.0,1.0E7,0.07546000607423525,
21,415,426,0.0,1.0E7,0.07543525859948777,
22,427,437,0.0,1.0E7,0.07554306386070514,
23,437,449,0.0,1.0E7,0.07544701308061316,
24,449,463,0.0,1.0E7,0.0754686468639292,
25,464,478,0.0,1.0E7,0.07516702672976638,
26,478,492,0.0,1.0E7,0.07524487230098456,
27,492,505,0.0,1.0E7,0.07527012482623707,
28,506,519,0.0,1.0E7,0.07529537203852406,
29,520,530,0.0,1.0E7,0.07562473029265558,
30,531,543,0.0,1.0E7,0.07556084807560695,
31,543,552,0.0,1.0E7,0.07545648119583812,
32,553,561,0.0,1.0E7,0.07552114421169943,
33,562,571,0.0,1.0E7,0.0756775971672229,
34,572,581,0.0,1.0E7,0.07555897706077809,
35,582,592,0.0,1.0E7,0.07553555171267742,
36,592,607,0.0,1.0E7,0.07566979478758028,
37,607,620,0.0,1.0E7,0.07566203837407105,
38,621,641,0.0,1.0E7,0.07551363751184194,
39,642,651,0.0,1.0E7,0.07607279572044906,
40,652,665,0.0,1.0E7,0.07569369909513678,
41,666,680,0.0,1.0E7,0.07547364893560506,
42,681,693,0.0,1.0E7,0.07558987084588402,
43,694,708,0.0,1.0E7,0.07561583664452948,
44,709,724,0.0,1.0E7,0.07546788246902275,
45,724,737,0.0,1.0E7,0.07588221412112651,
46,737,744,0.0,1.0E7,0.07621268721945679,
47,744,754,0.0,1.0E7,0.07613845840679272,
48,755,765,0.0,1.0E7,0.07613734591531963,
49,765,774,0.0,1.0E7,0.07615463572068583,
50,774,786,0.0,1.0E7,0.07581568453067081,
51,787,793,0.0,1.0E7,0.07616652204728847,
52,794,802,0.0,1.0E7,0.07603569788693998,
53,803,814,0.0,1.0E7,0.0759485163802466,
54,814,825,0.0,1.0E7,0.07624161974727392,
55,826,832,0.0,1.0E7,0.07653982800430312,
56,832,841,0.0,1.0E7,0.07679822781686667,
57,842,852,0.0,1.0E7,0.07675081085343116,
58,852,859,0.0,1.0E7,0.07643349146067775,
59,860,864,0.0,1.0E7,0.07643843217214019,
60,865,870,0.0,1.0E7,0.07641872496493299,
61,870,885,0.0,1.0E7,0.07604774466560897,
62,885,890,0.0,1.0E7,0.07646287422381302,
63,891,896,0.0,1.0E7,0.07648394169990297,
64,897,903,0.0,1.0E7,0.0769728006670228,
65,904,910,0.0,1.0E7,0.07658028315440199,
66,910,915,0.0,1.0E7,0.07660323544963153,
67,916,921,0.0,1.0E7,0.07653280587920193,
68,921,926,0.0,1.0E7,0.07654776640886835,
69,926,931,0.0,1.0E7,0.07654957472262533,
70,931,936,0.0,1.0E7,0.07704180718680168,
71,936,941,0.0,1.0E7,0.07666795422485251,
72,941,949,0.0,1.0E7,0.07666536767014015,
73,950,955,0.0,1.0E7,0.07668934741850181,
74,955,960,0.0,1.0E7,0.07671431620751554,
75,960,964,0.0,1.0E7,0.07695863115428356,
76,965,969,0.0,1.0E7,0.0769338775203333,
77,969,975,0.0,1.0E7,0.07632958240811716,
78,975,981,0.0,1.0E7,0.07634959539000778,
79,981,987,0.0,1.0E7,0.07636760850749594,
80,988,995,0.0,1.0E7,0.07748273273242348,
81,995,1003,0.0,1.0E7,0.07718425615438008,
82,1003,1008,0.0,1.0E7,0.07603924824817086,
83,1008,1011,0.0,1.0E7,0.07640469162918256,
84,1011,1015,0.0,1.0E7,0.07634005769792074,
85,1015,1018,0.0,1.0E7,0.07655726515229683,
86,1018,1021,0.0,1.0E7,0.07657885736153412,
87,1022,1025,0.0,1.0E7,0.07744031829367118,
88,1025,1028,0.0,1.0E7,0.07648025058992068,
89,1029,1033,0.0,1.0E7,0.07699682774419837,
90,1033,1037,0.0,1.0E7,0.0765945596842604,
91,1038,1042,0.0,1.0E7,0.07696136561829292,
92,1042,1046,0.0,1.0E7,0.0769613656182929,
93,1047,1051,0.0,1.0E7,0.0769613656182929,
94,1052,1068,0.0,1.0E7,0.07686524753805901,
95,1068,1074,0.0,1.0E7,0.07690886872549173,
96,1074,1079,0.0,1.0E7,0.07692352617611879,
97,1079,1085,0.0,1.0E7,0.07663884052027388,
98,1085,1090,0.0,1.0E7,0.07714639554472093,
99,1091,1096,0.0,1.0E7,0.07717901842423378,
